<?xml version="1.0" encoding="UTF-8"?>
<project-private xmlns="http://www.netbeans.org/ns/project-private/1">
    <editor-bookmarks xmlns="http://www.netbeans.org/ns/editor-bookmarks/2" lastBookmarkId="0"/>
    <open-files xmlns="http://www.netbeans.org/ns/projectui-open-files/2">
        <group>
            <file>file:/D:/Nisci/VpBank/VayTinChap/web/vay-doanh-nghiep.jsp</file>
            <file>file:/D:/Nisci/VpBank/VayTinChap/web/mo-the.jsp</file>
            <file>file:/D:/Nisci/VpBank/VayTinChap/web/js/myjs.js</file>
            <file>file:/D:/Nisci/VpBank/VayTinChap/web/vay-ca-nhan.jsp</file>
            <file>file:/D:/Nisci/VpBank/VayTinChap/web/vay-tieu-thuong.jsp</file>
        </group>
    </open-files>
</project-private>
